Step,distance / Angs,Energy / eV
0,0.9999999999999998,5.553774740795878
1,1.1,5.16317531490494
2,1.2,5.085315298900591
